{"id": 1369300400642359298, "conversation_id": "1369300400642359298", "created_at": "2021-03-09 09:53:50 EST", "date": "2021-03-09", "time": "09:53:50", "timezone": "-0400", "user_id": 1284649157706342401, "username": "gaudi8598", "name": "LaFollette’s Ghost", "place": "", "tweet": "So, you talked to 2 people then.  #KeystoneXLPipeline #Keystonepl #@TomiLahren #ClimateAction", "language": "en", "mentions": [], "urls": [], "photos": [], "replies_count": 0, "retweets_count": 1, "likes_count": 0, "hashtags": ["keystonexlpipeline", "keystonepl", "climateaction"], "cashtags": [], "link": "https://twitter.com/Gaudi8598/status/1369300400642359298", "retweet": false, "quote_url": "https://twitter.com/TomiLahren/status/1367952156872019973", "video": 0, "thumbnail": "", "near": "", "geo": "", "source": "", "user_rt_id": "", "user_rt": "", "retweet_id": "", "reply_to": [], "retweet_date": "", "translate": "", "trans_src": "", "trans_dest": ""}
{"id": 862429266755149824, "conversation_id": "862429266755149824", "created_at": "2017-05-10 18:08:55 EDT", "date": "2017-05-10", "time": "18:08:55", "timezone": "-0400", "user_id": 141448240, "username": "proudbluetexan", "name": "ғɪʀᴇᴄʀᴀᴄᴋᴇʀ", "place": "", "tweet": "#NoDAPL #KeystonePL LEAK!ING Already! Dakota Access Pipeline Leaked 84 Gallons Of Oil In April  https://t.co/UkSnS8TjXl", "language": "en", "mentions": [], "urls": ["http://cbsloc.al/2q4oKLI"], "photos": [], "replies_count": 0, "retweets_count": 0, "likes_count": 1, "hashtags": ["nodapl", "keystonepl"], "cashtags": [], "link": "https://twitter.com/proudbluetexan/status/862429266755149824", "retweet": false, "quote_url": "", "video": 0, "thumbnail": "", "near": "", "geo": "", "source": "", "user_rt_id": "", "user_rt": "", "retweet_id": "", "reply_to": [], "retweet_date": "", "translate": "", "trans_src": "", "trans_dest": ""}
{"id": 849346736992735232, "conversation_id": "849303620847906817", "created_at": "2017-04-04 15:43:36 EDT", "date": "2017-04-04", "time": "15:43:36", "timezone": "-0400", "user_id": 2161608978, "username": "samced03", "name": "Elva P.B", "place": "", "tweet": "@FoxNews @POTUS using #RussianSteel on #KeystonePL Gutting #EPA #Education #women's protections #MealsonWheels #PBS #ACA  #AmericaFirst #RaceToTheBottom", "language": "en", "mentions": [], "urls": [], "photos": [], "replies_count": 0, "retweets_count": 0, "likes_count": 0, "hashtags": ["russiansteel", "keystonepl", "epa", "education", "women", "mealsonwheels", "pbs", "aca", "americafirst", "racetothebottom"], "cashtags": [], "link": "https://twitter.com/samced03/status/849346736992735232", "retweet": false, "quote_url": "", "video": 0, "thumbnail": "", "near": "", "geo": "", "source": "", "user_rt_id": "", "user_rt": "", "retweet_id": "", "reply_to": [{"screen_name": "FoxNews", "name": "Fox News", "id": "1367531"}, {"screen_name": "POTUS", "name": "President Biden", "id": "1349149096909668363"}], "retweet_date": "", "translate": "", "trans_src": "", "trans_dest": ""}
{"id": 845255857071931392, "conversation_id": "845255857071931392", "created_at": "2017-03-24 08:47:55 EDT", "date": "2017-03-24", "time": "08:47:55", "timezone": "-0400", "user_id": 316807608, "username": "claire_mccrea", "name": "Claire McCrea", "place": "", "tweet": "What do we have to gain from this, when we have so much to lose?  State Department to approve #KeystonePL : sources  https://t.co/GLvAO1k3wY", "language": "en", "mentions": [], "urls": ["http://reut.rs/2nMTH7r"], "photos": [], "replies_count": 0, "retweets_count": 0, "likes_count": 0, "hashtags": ["keystonepl"], "cashtags": [], "link": "https://twitter.com/Claire_McCrea/status/845255857071931392", "retweet": false, "quote_url": "", "video": 0, "thumbnail": "", "near": "", "geo": "", "source": "", "user_rt_id": "", "user_rt": "", "retweet_id": "", "reply_to": [], "retweet_date": "", "translate": "", "trans_src": "", "trans_dest": ""}
{"id": 824421538107629568, "conversation_id": "824421538107629568", "created_at": "2017-01-25 19:59:46 EST", "date": "2017-01-25", "time": "19:59:46", "timezone": "-0400", "user_id": 129665879, "username": "cr_hnlu", "name": "Beerzilla 🍺", "place": "", "tweet": "If you were against #DAPL and the #KeystonePL the same is going to happen in #Texas  https://t.co/crwWaJbM1v", "language": "en", "mentions": [], "urls": ["https://youtu.be/mUJtiLM3ho0"], "photos": [], "replies_count": 0, "retweets_count": 0, "likes_count": 1, "hashtags": ["dapl", "keystonepl", "texas"], "cashtags": [], "link": "https://twitter.com/CR_HNLU/status/824421538107629568", "retweet": false, "quote_url": "", "video": 0, "thumbnail": "", "near": "", "geo": "", "source": "", "user_rt_id": "", "user_rt": "", "retweet_id": "", "reply_to": [], "retweet_date": "", "translate": "", "trans_src": "", "trans_dest": ""}
{"id": 824406730918531072, "conversation_id": "824406730918531072", "created_at": "2017-01-25 19:00:56 EST", "date": "2017-01-25", "time": "19:00:56", "timezone": "-0400", "user_id": 549762771, "username": "weareliberated", "name": "LiberatedPeople", "place": "", "tweet": "Protesters knew what could happen if the world stopped watching &amp; the world did  https://t.co/bHyZo5M7QJ via @WIRED #StandingRock #KeystonePL", "language": "en", "mentions": [{"screen_name": "wired", "name": "wired", "id": "1344951"}], "urls": ["https://www.wired.com/2017/01/social-media-made-world-care-standing-rock-helped-forget/"], "photos": [], "replies_count": 0, "retweets_count": 0, "likes_count": 0, "hashtags": ["standingrock", "keystonepl"], "cashtags": [], "link": "https://twitter.com/WeAreLiberated/status/824406730918531072", "retweet": false, "quote_url": "", "video": 0, "thumbnail": "", "near": "", "geo": "", "source": "", "user_rt_id": "", "user_rt": "", "retweet_id": "", "reply_to": [], "retweet_date": "", "translate": "", "trans_src": "", "trans_dest": ""}
{"id": 824291988807806976, "conversation_id": "824291988807806976", "created_at": "2017-01-25 11:24:59 EST", "date": "2017-01-25", "time": "11:24:59", "timezone": "-0400", "user_id": 33741541, "username": "mpac_national", "name": "MPAC", "place": "", "tweet": "We recommit our pledge to stand up for other communities who are being impacted by these detrimental policies #NoBanNoWall #DAPL #KeystonePL  https://t.co/9Tcn7dZGFG", "language": "en", "mentions": [], "urls": [], "photos": ["https://pbs.twimg.com/media/C3B4_oDW8AAMt9U.jpg"], "replies_count": 0, "retweets_count": 1, "likes_count": 3, "hashtags": ["nobannowall", "dapl", "keystonepl"], "cashtags": [], "link": "https://twitter.com/mpac_national/status/824291988807806976", "retweet": false, "quote_url": "", "video": 1, "thumbnail": "https://pbs.twimg.com/media/C3B4_oDW8AAMt9U.jpg", "near": "", "geo": "", "source": "", "user_rt_id": "", "user_rt": "", "retweet_id": "", "reply_to": [], "retweet_date": "", "translate": "", "trans_src": "", "trans_dest": ""}
{"id": 824151718485233664, "conversation_id": "823945306626633728", "created_at": "2017-01-25 02:07:36 EST", "date": "2017-01-25", "time": "02:07:36", "timezone": "-0400", "user_id": 1109825893, "username": "birchgarry", "name": "Garry Birch", "place": "", "tweet": "@ChrisLorman #KeystoneXL &amp; #DAPL are both for overseas markets #America is awash with oil #KeystonePL is Canadian they don't want it thr", "language": "en", "mentions": [], "urls": [], "photos": [], "replies_count": 2, "retweets_count": 0, "likes_count": 0, "hashtags": ["keystonexl", "dapl", "america", "keystonepl"], "cashtags": [], "link": "https://twitter.com/BirchGarry/status/824151718485233664", "retweet": false, "quote_url": "", "video": 0, "thumbnail": "", "near": "", "geo": "", "source": "", "user_rt_id": "", "user_rt": "", "retweet_id": "", "reply_to": [{"screen_name": "ChrisLorman", "name": "Chris Lorman", "id": "536721306"}], "retweet_date": "", "translate": "", "trans_src": "", "trans_dest": ""}
{"id": 824117517455097856, "conversation_id": "824117517455097856", "created_at": "2017-01-24 23:51:42 EST", "date": "2017-01-24", "time": "23:51:42", "timezone": "-0400", "user_id": 299071087, "username": "zugly747", "name": "Zugly747", "place": "", "tweet": "The Left seems to think the law is made in the street. Not with #PresidentTrump on the job. #BuildThePipelines #DAPL #KeystonePL  https://t.co/FhA5Hfv62z", "language": "en", "mentions": [], "urls": ["https://twitter.com/lsarsour/status/823725359325741057"], "photos": [], "replies_count": 0, "retweets_count": 0, "likes_count": 0, "hashtags": ["presidenttrump", "buildthepipelines", "dapl", "keystonepl"], "cashtags": [], "link": "https://twitter.com/zugly747/status/824117517455097856", "retweet": false, "quote_url": "https://twitter.com/lsarsour/status/823725359325741057", "video": 0, "thumbnail": "", "near": "", "geo": "", "source": "", "user_rt_id": "", "user_rt": "", "retweet_id": "", "reply_to": [], "retweet_date": "", "translate": "", "trans_src": "", "trans_dest": ""}
{"id": 824096095840112640, "conversation_id": "824096095840112640", "created_at": "2017-01-24 22:26:34 EST", "date": "2017-01-24", "time": "22:26:34", "timezone": "-0400", "user_id": 347965650, "username": "iamjobeagle", "name": "Jo Beagle", "place": "", "tweet": "#trump approved both the #keystonepl &amp; #nadpl. I stand with Mother Nature &amp; with the rights of indigenous peoples #notmypresident", "language": "en", "mentions": [], "urls": [], "photos": [], "replies_count": 0, "retweets_count": 0, "likes_count": 1, "hashtags": ["trump", "keystonepl", "nadpl", "notmypresident"], "cashtags": [], "link": "https://twitter.com/iamjobeagle/status/824096095840112640", "retweet": false, "quote_url": "", "video": 0, "thumbnail": "", "near": "", "geo": "", "source": "", "user_rt_id": "", "user_rt": "", "retweet_id": "", "reply_to": [], "retweet_date": "", "translate": "", "trans_src": "", "trans_dest": ""}
{"id": 824081443873849349, "conversation_id": "824081443873849349", "created_at": "2017-01-24 21:28:21 EST", "date": "2017-01-24", "time": "21:28:21", "timezone": "-0400", "user_id": 124592322, "username": "ajwillikers", "name": "AJ Wilkes", "place": "", "tweet": "I wonder what the narrative will be when gas prices go up? \"Good for economy says Trump.\" #DAPL #KeystonePL", "language": "en", "mentions": [], "urls": [], "photos": [], "replies_count": 0, "retweets_count": 0, "likes_count": 0, "hashtags": ["dapl", "keystonepl"], "cashtags": [], "link": "https://twitter.com/AJWILLIKERS/status/824081443873849349", "retweet": false, "quote_url": "", "video": 0, "thumbnail": "", "near": "", "geo": "", "source": "", "user_rt_id": "", "user_rt": "", "retweet_id": "", "reply_to": [], "retweet_date": "", "translate": "", "trans_src": "", "trans_dest": ""}
{"id": 823973428394856451, "conversation_id": "823973428394856451", "created_at": "2017-01-24 14:19:08 EST", "date": "2017-01-24", "time": "14:19:08", "timezone": "-0400", "user_id": 34807557, "username": "smartkat1929", "name": "SmartyKat", "place": "", "tweet": "@JohnCornyn as a Texas voter I ask you oppose these executive orders.They will tear up &amp; pollute our land for profit  #KeystonePL #DAPL", "language": "en", "mentions": [], "urls": [], "photos": [], "replies_count": 0, "retweets_count": 0, "likes_count": 0, "hashtags": ["keystonepl", "dapl"], "cashtags": [], "link": "https://twitter.com/SmartKat1929/status/823973428394856451", "retweet": false, "quote_url": "", "video": 0, "thumbnail": "", "near": "", "geo": "", "source": "", "user_rt_id": "", "user_rt": "", "retweet_id": "", "reply_to": [], "retweet_date": "", "translate": "", "trans_src": "", "trans_dest": ""}
{"id": 823932191247831040, "conversation_id": "823932191247831040", "created_at": "2017-01-24 11:35:16 EST", "date": "2017-01-24", "time": "11:35:16", "timezone": "-0400", "user_id": 25829428, "username": "_tdannyboy22_", "name": "**Tarik**", "place": "", "tweet": "@realDonaldTrump  Sells out America again, this time #KeystonePL.....you really are Biff huh! @CNN Negotiated by US or by U$?", "language": "en", "mentions": [{"screen_name": "cnn", "name": "cnn", "id": "759251"}], "urls": [], "photos": [], "replies_count": 0, "retweets_count": 0, "likes_count": 0, "hashtags": ["keystonepl"], "cashtags": [], "link": "https://twitter.com/_tdannyboy22_/status/823932191247831040", "retweet": false, "quote_url": "", "video": 0, "thumbnail": "", "near": "", "geo": "", "source": "", "user_rt_id": "", "user_rt": "", "retweet_id": "", "reply_to": [], "retweet_date": "", "translate": "", "trans_src": "", "trans_dest": ""}
{"id": 823931590577455104, "conversation_id": "823931590577455104", "created_at": "2017-01-24 11:32:53 EST", "date": "2017-01-24", "time": "11:32:53", "timezone": "-0400", "user_id": 822988006441287680, "username": "naggingnasty", "name": "Nagging Nasty Woman", "place": "", "tweet": "@POTUS allowing the #DAPL and #keystonePL is another example of how he serves big business and not citizens #notmypresident #notOURpresident", "language": "en", "mentions": [], "urls": [], "photos": [], "replies_count": 0, "retweets_count": 0, "likes_count": 0, "hashtags": ["dapl", "keystonepl", "notmypresident", "notourpresident"], "cashtags": [], "link": "https://twitter.com/naggingnasty/status/823931590577455104", "retweet": false, "quote_url": "", "video": 0, "thumbnail": "", "near": "", "geo": "", "source": "", "user_rt_id": "", "user_rt": "", "retweet_id": "", "reply_to": [], "retweet_date": "", "translate": "", "trans_src": "", "trans_dest": ""}
{"id": 823926335353618432, "conversation_id": "823904545164042244", "created_at": "2017-01-24 11:12:00 EST", "date": "2017-01-24", "time": "11:12:00", "timezone": "-0400", "user_id": 25829428, "username": "_tdannyboy22_", "name": "**Tarik**", "place": "", "tweet": "@alec_h_tyson @pewresearch No We Don't!  We #DontSupport #KeystonePL", "language": "en", "mentions": [], "urls": [], "photos": [], "replies_count": 0, "retweets_count": 0, "likes_count": 0, "hashtags": ["dontsupport", "keystonepl"], "cashtags": [], "link": "https://twitter.com/_tdannyboy22_/status/823926335353618432", "retweet": false, "quote_url": "", "video": 0, "thumbnail": "", "near": "", "geo": "", "source": "", "user_rt_id": "", "user_rt": "", "retweet_id": "", "reply_to": [{"screen_name": "alec_h_tyson", "name": "Alec Tyson", "id": "1535034930"}, {"screen_name": "pewresearch", "name": "Pew Research Center", "id": "22642788"}], "retweet_date": "", "translate": "", "trans_src": "", "trans_dest": ""}
{"id": 710260068260782080, "conversation_id": "710256408760029184", "created_at": "2016-03-16 20:22:50 EDT", "date": "2016-03-16", "time": "20:22:50", "timezone": "-0400", "user_id": 494421276, "username": "pamdmon", "name": "Pam Rosales 🌹", "place": "", "tweet": "Not2U @920MichaelBrown what abt #LGBTQ #DOMA #DADT #3Strikes #BLM #NotMyAbuela #Monsanto #StopTPP #fracking #KeystonePL #IraqWar 🔥 #NotMeUs", "language": "en", "mentions": [], "urls": [], "photos": [], "replies_count": 0, "retweets_count": 0, "likes_count": 0, "hashtags": ["lgbtq", "doma", "dadt", "3strikes", "blm", "notmyabuela", "monsanto", "stoptpp", "fracking", "keystonepl", "iraqwar", "notmeus"], "cashtags": [], "link": "https://twitter.com/PamDMON/status/710260068260782080", "retweet": false, "quote_url": "", "video": 0, "thumbnail": "", "near": "", "geo": "", "source": "", "user_rt_id": "", "user_rt": "", "retweet_id": "", "reply_to": [], "retweet_date": "", "translate": "", "trans_src": "", "trans_dest": ""}
{"id": 696153074893725697, "conversation_id": "696153074893725697", "created_at": "2016-02-06 21:06:41 EST", "date": "2016-02-06", "time": "21:06:41", "timezone": "-0400", "user_id": 34722136, "username": "juskurius", "name": "Jus'Curious", "place": "", "tweet": "Lady in NJ fought like hell to keep her house &amp; the ppl of NJ supported her. Trump: \"Eminent Domain is a good thing.\" #GOPDebate #KeystonePL", "language": "en", "mentions": [], "urls": [], "photos": [], "replies_count": 0, "retweets_count": 0, "likes_count": 0, "hashtags": ["gopdebate", "keystonepl"], "cashtags": [], "link": "https://twitter.com/juskurius/status/696153074893725697", "retweet": false, "quote_url": "", "video": 0, "thumbnail": "", "near": "", "geo": "", "source": "", "user_rt_id": "", "user_rt": "", "retweet_id": "", "reply_to": [], "retweet_date": "", "translate": "", "trans_src": "", "trans_dest": ""}
{"id": 662805032975228928, "conversation_id": "662805032975228928", "created_at": "2015-11-06 20:33:28 EST", "date": "2015-11-06", "time": "20:33:28", "timezone": "-0400", "user_id": 2203714848, "username": "amandathe11", "name": "Amanda Theriault", "place": "", "tweet": "Thank you #OMalley for calling out #Clinton on her flip flopping on the #KeystonePL (so I don't have to! Baaa 😜) #DemForum", "language": "en", "mentions": [], "urls": [], "photos": [], "replies_count": 0, "retweets_count": 0, "likes_count": 2, "hashtags": ["omalley", "clinton", "keystonepl", "demforum"], "cashtags": [], "link": "https://twitter.com/amandathe11/status/662805032975228928", "retweet": false, "quote_url": "", "video": 0, "thumbnail": "", "near": "", "geo": "", "source": "", "user_rt_id": "", "user_rt": "", "retweet_id": "", "reply_to": [], "retweet_date": "", "translate": "", "trans_src": "", "trans_dest": ""}
{"id": 654426767545860096, "conversation_id": "654352838252883968", "created_at": "2015-10-14 18:41:14 EDT", "date": "2015-10-14", "time": "18:41:14", "timezone": "-0400", "user_id": 35328219, "username": "mlhagood", "name": "Michael Hagood", "place": "", "tweet": "@HoustonTex56 And you do that by, among other things, NOT building the #KeystonePL? That's what the FAR LEFT Ds say.  #ALLOfThem", "language": "en", "mentions": [], "urls": [], "photos": [], "replies_count": 1, "retweets_count": 0, "likes_count": 0, "hashtags": ["keystonepl", "allofthem"], "cashtags": [], "link": "https://twitter.com/mlhagood/status/654426767545860096", "retweet": false, "quote_url": "", "video": 0, "thumbnail": "", "near": "", "geo": "", "source": "", "user_rt_id": "", "user_rt": "", "retweet_id": "", "reply_to": [], "retweet_date": "", "translate": "", "trans_src": "", "trans_dest": ""}
{"id": 626363949336821760, "conversation_id": "626363949336821760", "created_at": "2015-07-29 08:09:37 EDT", "date": "2015-07-29", "time": "08:09:37", "timezone": "-0400", "user_id": 35328219, "username": "mlhagood", "name": "Michael Hagood", "place": "", "tweet": "@ChrisChristie Don't care what you think about #KeystonePL With your ignorant endorsement of #ClimateChangeFlimFlam will not vote for 4 you.", "language": "en", "mentions": [], "urls": [], "photos": [], "replies_count": 0, "retweets_count": 0, "likes_count": 0, "hashtags": ["keystonepl", "climatechangeflimflam"], "cashtags": [], "link": "https://twitter.com/mlhagood/status/626363949336821760", "retweet": false, "quote_url": "", "video": 0, "thumbnail": "", "near": "", "geo": "", "source": "", "user_rt_id": "", "user_rt": "", "retweet_id": "", "reply_to": [], "retweet_date": "", "translate": "", "trans_src": "", "trans_dest": ""}
{"id": 625853397653041152, "conversation_id": "625846156959043584", "created_at": "2015-07-27 22:20:52 EDT", "date": "2015-07-27", "time": "22:20:52", "timezone": "-0400", "user_id": 35328219, "username": "mlhagood", "name": "Michael Hagood", "place": "", "tweet": "@RussellLittle @JohnFromCranber #Humphrey would be appalled that a huge construction project like #KeystonePL held up by environmental crap", "language": "en", "mentions": [{"screen_name": "johnfromcranber", "name": "john betts", "id": "1065869268"}], "urls": [], "photos": [], "replies_count": 1, "retweets_count": 0, "likes_count": 0, "hashtags": ["humphrey", "keystonepl"], "cashtags": [], "link": "https://twitter.com/mlhagood/status/625853397653041152", "retweet": false, "quote_url": "", "video": 0, "thumbnail": "", "near": "", "geo": "", "source": "", "user_rt_id": "", "user_rt": "", "retweet_id": "", "reply_to": [], "retweet_date": "", "translate": "", "trans_src": "", "trans_dest": ""}
{"id": 573863053843890178, "conversation_id": "573863053843890178", "created_at": "2015-03-06 10:09:48 EST", "date": "2015-03-06", "time": "10:09:48", "timezone": "-0400", "user_id": 3063018285, "username": "themagique", "name": "TheMagicHead", "place": "", "tweet": "What have the R's done since mid term elections #obamacare,#keystonePL,#rollbackimmigration,#standuptoobama-nothing!!", "language": "en", "mentions": [], "urls": [], "photos": [], "replies_count": 1, "retweets_count": 0, "likes_count": 0, "hashtags": ["obamacare", "keystonepl", "rollbackimmigration", "standuptoobama"], "cashtags": [], "link": "https://twitter.com/TheMagique/status/573863053843890178", "retweet": false, "quote_url": "", "video": 0, "thumbnail": "", "near": "", "geo": "", "source": "", "user_rt_id": "", "user_rt": "", "retweet_id": "", "reply_to": [], "retweet_date": "", "translate": "", "trans_src": "", "trans_dest": ""}
{"id": 570329851703357442, "conversation_id": "570329851703357442", "created_at": "2015-02-24 16:10:07 EST", "date": "2015-02-24", "time": "16:10:07", "timezone": "-0400", "user_id": 14636067, "username": "kaiweb", "name": "Kai Strandskov", "place": "", "tweet": "THANKS OBAMA #KeystonePL", "language": "en", "mentions": [], "urls": [], "photos": [], "replies_count": 0, "retweets_count": 0, "likes_count": 0, "hashtags": ["keystonepl"], "cashtags": [], "link": "https://twitter.com/kaiweb/status/570329851703357442", "retweet": false, "quote_url": "", "video": 0, "thumbnail": "", "near": "", "geo": "", "source": "", "user_rt_id": "", "user_rt": "", "retweet_id": "", "reply_to": [], "retweet_date": "", "translate": "", "trans_src": "", "trans_dest": ""}
{"id": 560097067880951808, "conversation_id": "560097067880951808", "created_at": "2015-01-27 10:28:41 EST", "date": "2015-01-27", "time": "10:28:41", "timezone": "-0400", "user_id": 319639548, "username": "mustanghands", "name": "Robert Church", "place": "", "tweet": "#keystonepl S&amp;P Downgrades Russia to 'Junk' | Fox Business  http://t.co/1vUeKeo6cP via @foxbusiness", "language": "en", "mentions": [{"screen_name": "foxbusiness", "name": "fox business", "id": "56413858"}], "urls": ["http://fxn.ws/1yYD5b8"], "photos": [], "replies_count": 0, "retweets_count": 0, "likes_count": 0, "hashtags": ["keystonepl"], "cashtags": [], "link": "https://twitter.com/Mustanghands/status/560097067880951808", "retweet": false, "quote_url": "", "video": 0, "thumbnail": "", "near": "", "geo": "", "source": "", "user_rt_id": "", "user_rt": "", "retweet_id": "", "reply_to": [], "retweet_date": "", "translate": "", "trans_src": "", "trans_dest": ""}
{"id": 557742762322591744, "conversation_id": "557742762322591744", "created_at": "2015-01-20 22:33:31 EST", "date": "2015-01-20", "time": "22:33:31", "timezone": "-0400", "user_id": 289027090, "username": "jillybeanbuttle", "name": "Jillybean", "place": "", "tweet": "With #minimalenvironmentalimpact  #yellowstoneriver  #keystonepl", "language": "en", "mentions": [], "urls": [], "photos": [], "replies_count": 0, "retweets_count": 0, "likes_count": 0, "hashtags": ["minimalenvironmentalimpact", "yellowstoneriver", "keystonepl"], "cashtags": [], "link": "https://twitter.com/JillybeanButtle/status/557742762322591744", "retweet": false, "quote_url": "", "video": 0, "thumbnail": "", "near": "", "geo": "", "source": "", "user_rt_id": "", "user_rt": "", "retweet_id": "", "reply_to": [], "retweet_date": "", "translate": "", "trans_src": "", "trans_dest": ""}
{"id": 557669543783714819, "conversation_id": "557669543783714819", "created_at": "2015-01-20 17:42:34 EST", "date": "2015-01-20", "time": "17:42:34", "timezone": "-0400", "user_id": 37998796, "username": "vbelle5", "name": "Vera Richardson", "place": "", "tweet": "Updated w/ pics  50,000 gallons of oil spill into Yellowstone River  http://t.co/mbs2z8xiKs via @dailykos reason 4 DEMS 2 vote NO #keystonePL", "language": "en", "mentions": [{"screen_name": "dailykos", "name": "daily kos", "id": "20818801"}], "urls": ["http://www.dailykos.com/story/2015/01/19/1358683/-50-000-barrels-of-oil-spill-into-Yellowstone-River"], "photos": [], "replies_count": 0, "retweets_count": 0, "likes_count": 0, "hashtags": ["keystonepl"], "cashtags": [], "link": "https://twitter.com/Vbelle5/status/557669543783714819", "retweet": false, "quote_url": "", "video": 0, "thumbnail": "", "near": "", "geo": "", "source": "", "user_rt_id": "", "user_rt": "", "retweet_id": "", "reply_to": [], "retweet_date": "", "translate": "", "trans_src": "", "trans_dest": ""}
{"id": 557217351196614656, "conversation_id": "557217351196614656", "created_at": "2015-01-19 11:45:43 EST", "date": "2015-01-19", "time": "11:45:43", "timezone": "-0400", "user_id": 37998796, "username": "vbelle5", "name": "Vera Richardson", "place": "", "tweet": "Senate Advances Bill2Approve #KeystonePL Despite @barackObama Veto Threat  http://t.co/CC8MvgBlYh #blacklivesmatter call @dscc demand NO VOTE", "language": "en", "mentions": [{"screen_name": "barackobama", "name": "barack obama", "id": "813286"}, {"screen_name": "dscc", "name": "senate democrats", "id": "14466538"}], "urls": ["http://huff.to/1xVVPXN"], "photos": [], "replies_count": 1, "retweets_count": 0, "likes_count": 0, "hashtags": ["keystonepl", "blacklivesmatter"], "cashtags": [], "link": "https://twitter.com/Vbelle5/status/557217351196614656", "retweet": false, "quote_url": "", "video": 0, "thumbnail": "", "near": "", "geo": "", "source": "", "user_rt_id": "", "user_rt": "", "retweet_id": "", "reply_to": [], "retweet_date": "", "translate": "", "trans_src": "", "trans_dest": ""}
{"id": 557200156076945409, "conversation_id": "557200156076945409", "created_at": "2015-01-19 10:37:24 EST", "date": "2015-01-19", "time": "10:37:24", "timezone": "-0400", "user_id": 37998796, "username": "vbelle5", "name": "Vera Richardson", "place": "", "tweet": "10 @dscc Dems listed voted2 Approve #KeystonePL Despite @BarackObama Veto Threat  http://t.co/CC8MvgBlYh call them NOW  http://t.co/FLO42MToty", "language": "en", "mentions": [{"screen_name": "dscc", "name": "senate democrats", "id": "14466538"}, {"screen_name": "barackobama", "name": "barack obama", "id": "813286"}], "urls": ["http://huff.to/1xVVPXN", "http://democrats.senate.gov/members/#.VLr_WUfF9cw"], "photos": [], "replies_count": 0, "retweets_count": 0, "likes_count": 0, "hashtags": ["keystonepl"], "cashtags": [], "link": "https://twitter.com/Vbelle5/status/557200156076945409", "retweet": false, "quote_url": "", "video": 0, "thumbnail": "", "near": "", "geo": "", "source": "", "user_rt_id": "", "user_rt": "", "retweet_id": "", "reply_to": [], "retweet_date": "", "translate": "", "trans_src": "", "trans_dest": ""}
{"id": 557197923717373955, "conversation_id": "557197923717373955", "created_at": "2015-01-19 10:28:31 EST", "date": "2015-01-19", "time": "10:28:31", "timezone": "-0400", "user_id": 37998796, "username": "vbelle5", "name": "Vera Richardson", "place": "", "tweet": "@BarackObama APPROVAL 50%  http://t.co/bCIY0CAGXs BLK/Hisp Plz CALL &amp; DEMAND Senate Dems Vote NO 2 #KEYSTONEPL @DSCC  http://t.co/FLO42MToty", "language": "en", "mentions": [{"screen_name": "dscc", "name": "senate democrats", "id": "14466538"}], "urls": ["http://wapo.st/1yvOkZS", "http://democrats.senate.gov/members/#.VLr_WUfF9cw"], "photos": [], "replies_count": 0, "retweets_count": 0, "likes_count": 0, "hashtags": ["keystonepl"], "cashtags": [], "link": "https://twitter.com/Vbelle5/status/557197923717373955", "retweet": false, "quote_url": "", "video": 0, "thumbnail": "", "near": "", "geo": "", "source": "", "user_rt_id": "", "user_rt": "", "retweet_id": "", "reply_to": [], "retweet_date": "", "translate": "", "trans_src": "", "trans_dest": ""}
{"id": 557194040404221952, "conversation_id": "557194040404221952", "created_at": "2015-01-19 10:13:06 EST", "date": "2015-01-19", "time": "10:13:06", "timezone": "-0400", "user_id": 37998796, "username": "vbelle5", "name": "Vera Richardson", "place": "", "tweet": "Rising economy boosts Obama standi- approval 50%  http://t.co/bCIY0CAGXs via @washingtonpost @dscc Stand w @barackobama vote NO 2 #keystonePL", "language": "it", "mentions": [{"screen_name": "washingtonpost", "name": "the washington post", "id": "2467791"}, {"screen_name": "dscc", "name": "senate democrats", "id": "14466538"}, {"screen_name": "barackobama", "name": "barack obama", "id": "813286"}], "urls": ["http://wapo.st/1yvOkZS"], "photos": [], "replies_count": 0, "retweets_count": 0, "likes_count": 0, "hashtags": ["keystonepl"], "cashtags": [], "link": "https://twitter.com/Vbelle5/status/557194040404221952", "retweet": false, "quote_url": "", "video": 0, "thumbnail": "", "near": "", "geo": "", "source": "", "user_rt_id": "", "user_rt": "", "retweet_id": "", "reply_to": [], "retweet_date": "", "translate": "", "trans_src": "", "trans_dest": ""}
{"id": 554366152076324865, "conversation_id": "554366152076324865", "created_at": "2015-01-11 14:56:04 EST", "date": "2015-01-11", "time": "14:56:04", "timezone": "-0400", "user_id": 37998796, "username": "vbelle5", "name": "Vera Richardson", "place": "", "tweet": "Fact-Checking Sunday Shows 1/4/15  http://t.co/AkTfOuUs1a via @punditfact  Sen Amy Klobuchar (D-MN supports @GOP #KeystonePL &amp; PBO  prom2VETO", "language": "en", "mentions": [{"screen_name": "punditfact", "name": "punditfact", "id": "1733274007"}, {"screen_name": "gop", "name": "gop", "id": "11134252"}], "urls": ["http://thebea.st/1Dmfpgr"], "photos": [], "replies_count": 0, "retweets_count": 0, "likes_count": 0, "hashtags": ["keystonepl"], "cashtags": [], "link": "https://twitter.com/Vbelle5/status/554366152076324865", "retweet": false, "quote_url": "", "video": 0, "thumbnail": "", "near": "", "geo": "", "source": "", "user_rt_id": "", "user_rt": "", "retweet_id": "", "reply_to": [], "retweet_date": "", "translate": "", "trans_src": "", "trans_dest": ""}
{"id": 513700389099945984, "conversation_id": "513700389099945984", "created_at": "2014-09-21 10:44:51 EDT", "date": "2014-09-21", "time": "10:44:51", "timezone": "-0400", "user_id": 10284332, "username": "dlature", "name": "Dale Lature", "place": "", "tweet": ".@billmckibben just said Koch Bros stand to make 100b if #KeystonePL is built. Koch Bros shown they will spend to see things never change", "language": "en", "mentions": [{"screen_name": "billmckibben", "name": "bill mckibben", "id": "21786618"}], "urls": [], "photos": [], "replies_count": 0, "retweets_count": 0, "likes_count": 0, "hashtags": ["keystonepl"], "cashtags": [], "link": "https://twitter.com/dlature/status/513700389099945984", "retweet": false, "quote_url": "", "video": 0, "thumbnail": "", "near": "", "geo": "", "source": "", "user_rt_id": "", "user_rt": "", "retweet_id": "", "reply_to": [], "retweet_date": "", "translate": "", "trans_src": "", "trans_dest": ""}
{"id": 456111514098085888, "conversation_id": "456111514098085888", "created_at": "2014-04-15 12:47:13 EDT", "date": "2014-04-15", "time": "12:47:13", "timezone": "-0400", "user_id": 41927424, "username": "sriconference", "name": "The SRI Conference & Community", "place": "", "tweet": "RT @billmckibben: Great #nokxl oped acknowledging downsides of #KeystonePL from @SenWhitehouse and @WaxmanClimate.   http://t.co/7Lr1GB0jvc", "language": "en", "mentions": [{"screen_name": "billmckibben", "name": "bill mckibben", "id": "21786618"}, {"screen_name": "senwhitehouse", "name": "sheldon whitehouse", "id": "242555999"}, {"screen_name": "waxmanclimate", "name": "henry a. waxman", "id": "785414496"}], "urls": ["http://www.cnn.com/2014/04/15/opinion/white-house-waxman-keystone-pipeline/index.html?hpt=hp_t4"], "photos": [], "replies_count": 0, "retweets_count": 0, "likes_count": 0, "hashtags": ["nokxl", "keystonepl"], "cashtags": [], "link": "https://twitter.com/SRIConference/status/456111514098085888", "retweet": false, "quote_url": "", "video": 0, "thumbnail": "", "near": "", "geo": "", "source": "", "user_rt_id": "", "user_rt": "", "retweet_id": "", "reply_to": [], "retweet_date": "", "translate": "", "trans_src": "", "trans_dest": ""}
{"id": 456111512927862784, "conversation_id": "456111512927862784", "created_at": "2014-04-15 12:47:13 EDT", "date": "2014-04-15", "time": "12:47:13", "timezone": "-0400", "user_id": 1098981264, "username": "first_affirm", "name": "First Affirmative", "place": "", "tweet": "RT @billmckibben: Great #nokxl oped acknowledging downsides of #KeystonePL from @SenWhitehouse and @WaxmanClimate.   http://t.co/OCdP4BinPp", "language": "en", "mentions": [{"screen_name": "billmckibben", "name": "bill mckibben", "id": "21786618"}, {"screen_name": "senwhitehouse", "name": "sheldon whitehouse", "id": "242555999"}, {"screen_name": "waxmanclimate", "name": "henry a. waxman", "id": "785414496"}], "urls": ["http://www.cnn.com/2014/04/15/opinion/white-house-waxman-keystone-pipeline/index.html?hpt=hp_t4"], "photos": [], "replies_count": 0, "retweets_count": 0, "likes_count": 0, "hashtags": ["nokxl", "keystonepl"], "cashtags": [], "link": "https://twitter.com/first_affirm/status/456111512927862784", "retweet": false, "quote_url": "", "video": 0, "thumbnail": "", "near": "", "geo": "", "source": "", "user_rt_id": "", "user_rt": "", "retweet_id": "", "reply_to": [], "retweet_date": "", "translate": "", "trans_src": "", "trans_dest": ""}
{"id": 438789329100369920, "conversation_id": "438789329100369920", "created_at": "2014-02-26 16:35:03 EST", "date": "2014-02-26", "time": "16:35:03", "timezone": "-0400", "user_id": 460445777, "username": "thesword_n_pen", "name": "Jack Knoblock", "place": "", "tweet": "@TeamCavuto #KeystonePL Warren Buffet is a big$ donor to Obama Campaign. Common knowledge he ships all the oil by rail which is his trains!", "language": "en", "mentions": [], "urls": [], "photos": [], "replies_count": 0, "retweets_count": 0, "likes_count": 0, "hashtags": ["keystonepl"], "cashtags": [], "link": "https://twitter.com/TheSword_N_Pen/status/438789329100369920", "retweet": false, "quote_url": "", "video": 0, "thumbnail": "", "near": "", "geo": "", "source": "", "user_rt_id": "", "user_rt": "", "retweet_id": "", "reply_to": [], "retweet_date": "", "translate": "", "trans_src": "", "trans_dest": ""}
{"id": 438788530592940032, "conversation_id": "438788530592940032", "created_at": "2014-02-26 16:31:52 EST", "date": "2014-02-26", "time": "16:31:52", "timezone": "-0400", "user_id": 460445777, "username": "thesword_n_pen", "name": "Jack Knoblock", "place": "", "tweet": "@TeamCavuto #KeystonePL Neil Gov. Hineiman is being 2 kind! We all know who stands 2 lose if pipeline is approved Warren Buffet! 1 vs 20kjbs", "language": "en", "mentions": [], "urls": [], "photos": [], "replies_count": 0, "retweets_count": 0, "likes_count": 0, "hashtags": ["keystonepl"], "cashtags": [], "link": "https://twitter.com/TheSword_N_Pen/status/438788530592940032", "retweet": false, "quote_url": "", "video": 0, "thumbnail": "", "near": "", "geo": "", "source": "", "user_rt_id": "", "user_rt": "", "retweet_id": "", "reply_to": [], "retweet_date": "", "translate": "", "trans_src": "", "trans_dest": ""}
{"id": 429369188856393728, "conversation_id": "429369188856393728", "created_at": "2014-01-31 16:42:46 EST", "date": "2014-01-31", "time": "16:42:46", "timezone": "-0400", "user_id": 218113799, "username": "wuperkins", "name": "Edward Perkins", "place": {"type": "Point", "coordinates": [40.7001117, -74.0916312]}, "tweet": "Today is the day we decide to leave it in the ground. #NoVote on #KeystonePL #EPA #msnbc @NowWithAlex @chrislhayes.", "language": "en", "mentions": [{"screen_name": "nowwithalex", "name": "nowwithalex", "id": "409456907"}, {"screen_name": "chrislhayes", "name": "chris hayes", "id": "4207961"}], "urls": [], "photos": [], "replies_count": 0, "retweets_count": 0, "likes_count": 0, "hashtags": ["novote", "keystonepl", "epa", "msnbc"], "cashtags": [], "link": "https://twitter.com/wuperkins/status/429369188856393728", "retweet": false, "quote_url": "", "video": 0, "thumbnail": "", "near": "", "geo": "", "source": "", "user_rt_id": "", "user_rt": "", "retweet_id": "", "reply_to": [], "retweet_date": "", "translate": "", "trans_src": "", "trans_dest": ""}
{"id": 407535098532069378, "conversation_id": "407535098532069378", "created_at": "2013-12-02 10:41:53 EST", "date": "2013-12-02", "time": "10:41:53", "timezone": "-0400", "user_id": 27258625, "username": "rockyjsquirrel2", "name": "Rocky&Bullwinkle", "place": "", "tweet": "Humanity at the Crossroads  http://t.co/KfSDWv2Wb6 #IdleNoMore #Anonymous @OccupyWallSt #STOPFRACKING #KeystonePL", "language": "en", "mentions": [{"screen_name": "occupywallst", "name": "occupy wall street", "id": "335369838"}], "urls": ["http://www.ienearth.org/humanity-at-the-crossroads/"], "photos": [], "replies_count": 0, "retweets_count": 0, "likes_count": 0, "hashtags": ["idlenomore", "anonymous", "stopfracking", "keystonepl"], "cashtags": [], "link": "https://twitter.com/RockyjSquirrel2/status/407535098532069378", "retweet": false, "quote_url": "", "video": 0, "thumbnail": "", "near": "", "geo": "", "source": "", "user_rt_id": "", "user_rt": "", "retweet_id": "", "reply_to": [], "retweet_date": "", "translate": "", "trans_src": "", "trans_dest": ""}
{"id": 388669366356561922, "conversation_id": "388669366356561922", "created_at": "2013-10-11 10:16:12 EDT", "date": "2013-10-11", "time": "10:16:12", "timezone": "-0400", "user_id": 32210124, "username": "therealchuber", "name": "Chad Huber", "place": "", "tweet": "\"@CBSNews: Massive oil pipeline break under N.D. farmer's wheat field  http://t.co/6FRxpdTwcx\" This would never happen with #KeystonePL #nope", "language": "en", "mentions": [{"screen_name": "cbsnews", "name": "cbs news", "id": "15012486"}], "urls": ["http://cbsn.ws/19EpuEj"], "photos": [], "replies_count": 0, "retweets_count": 0, "likes_count": 0, "hashtags": ["keystonepl", "nope"], "cashtags": [], "link": "https://twitter.com/TheRealCHuber/status/388669366356561922", "retweet": false, "quote_url": "", "video": 0, "thumbnail": "", "near": "", "geo": "", "source": "", "user_rt_id": "", "user_rt": "", "retweet_id": "", "reply_to": [], "retweet_date": "", "translate": "", "trans_src": "", "trans_dest": ""}
{"id": 373309297670631424, "conversation_id": "373292812311080960", "created_at": "2013-08-30 01:00:46 EDT", "date": "2013-08-30", "time": "01:00:46", "timezone": "-0400", "user_id": 27258625, "username": "rockyjsquirrel2", "name": "Rocky&Bullwinkle", "place": "", "tweet": "@AYLAKATZEN Sadly Canada has been taken over by a real conservative gov &amp; politicians! Think #TARSANDS! #KeystonePL #IdleNoMore #Syria", "language": "en", "mentions": [], "urls": [], "photos": [], "replies_count": 0, "retweets_count": 2, "likes_count": 1, "hashtags": ["tarsands", "keystonepl", "idlenomore", "syria"], "cashtags": [], "link": "https://twitter.com/RockyjSquirrel2/status/373309297670631424", "retweet": false, "quote_url": "", "video": 0, "thumbnail": "", "near": "", "geo": "", "source": "", "user_rt_id": "", "user_rt": "", "retweet_id": "", "reply_to": [], "retweet_date": "", "translate": "", "trans_src": "", "trans_dest": ""}
{"id": 355464402562064385, "conversation_id": "355464402562064385", "created_at": "2013-07-11 19:11:32 EDT", "date": "2013-07-11", "time": "19:11:32", "timezone": "-0400", "user_id": 1048940402, "username": "gerrypvny", "name": "Gerry Collins", "place": "", "tweet": "#Oil moved through #KeystonePL is 50 times LESS dangerous than oil moved by trains. But #NTSB doesn't want that known, so crowding it out.", "language": "en", "mentions": [], "urls": [], "photos": [], "replies_count": 0, "retweets_count": 0, "likes_count": 0, "hashtags": ["oil", "keystonepl", "ntsb"], "cashtags": [], "link": "https://twitter.com/GerryPVNY/status/355464402562064385", "retweet": false, "quote_url": "", "video": 0, "thumbnail": "", "near": "", "geo": "", "source": "", "user_rt_id": "", "user_rt": "", "retweet_id": "", "reply_to": [], "retweet_date": "", "translate": "", "trans_src": "", "trans_dest": ""}
{"id": 345549591397167104, "conversation_id": "345541806190116864", "created_at": "2013-06-14 10:33:37 EDT", "date": "2013-06-14", "time": "10:33:37", "timezone": "-0400", "user_id": 294301263, "username": "eyeneedtono", "name": "Miss Lee", "place": "", "tweet": "@ArrestedAplomb #Buffet has the steering wheel on the #KeystonePL he's raking N Billions on shipping oil in his recently purchased RailRoad.", "language": "en", "mentions": [], "urls": [], "photos": [], "replies_count": 0, "retweets_count": 0, "likes_count": 0, "hashtags": ["buffet", "keystonepl"], "cashtags": [], "link": "https://twitter.com/eyeneedtono/status/345549591397167104", "retweet": false, "quote_url": "", "video": 0, "thumbnail": "", "near": "", "geo": "", "source": "", "user_rt_id": "", "user_rt": "", "retweet_id": "", "reply_to": [], "retweet_date": "", "translate": "", "trans_src": "", "trans_dest": ""}
{"id": 329682897277689857, "conversation_id": "329682897277689857", "created_at": "2013-05-01 15:45:02 EDT", "date": "2013-05-01", "time": "15:45:02", "timezone": "-0400", "user_id": 300401317, "username": "ecosanda", "name": "Sanda Everette", "place": "", "tweet": "Joined many other organization protesting #facebook $support for #keystonePL w/@350.org @GPCA @friendsoftheearth +  http://t.co/3d4risccvZ", "language": "en", "mentions": [{"screen_name": "350", "name": "350 dot org", "id": "14266598"}, {"screen_name": "gpca", "name": "green party of california", "id": "19315635"}], "urls": [], "photos": ["https://pbs.twimg.com/media/BJNE2S1CIAAf6RW.jpg"], "replies_count": 0, "retweets_count": 0, "likes_count": 0, "hashtags": ["facebook", "keystonepl"], "cashtags": [], "link": "https://twitter.com/ecosanda/status/329682897277689857", "retweet": false, "quote_url": "", "video": 1, "thumbnail": "https://pbs.twimg.com/media/BJNE2S1CIAAf6RW.jpg", "near": "", "geo": "", "source": "", "user_rt_id": "", "user_rt": "", "retweet_id": "", "reply_to": [], "retweet_date": "", "translate": "", "trans_src": "", "trans_dest": ""}
{"id": 311637895234584576, "conversation_id": "311637895234584576", "created_at": "2013-03-12 20:40:38 EDT", "date": "2013-03-12", "time": "20:40:38", "timezone": "-0400", "user_id": 938030023, "username": "edmundressler", "name": "The Edmund", "place": "", "tweet": "@nytimes wants POTUS to choke off US Oil supplies from #KeystonePL because there will be too much oil. Huh? Duh?  http://t.co/ccYbORfzGQ", "language": "en", "mentions": [], "urls": ["http://cnsnews.com/news/article/nyt-obama-prohibit-pipeline-choke-oil-supply"], "photos": [], "replies_count": 0, "retweets_count": 0, "likes_count": 0, "hashtags": ["keystonepl"], "cashtags": [], "link": "https://twitter.com/EdmundRessler/status/311637895234584576", "retweet": false, "quote_url": "", "video": 0, "thumbnail": "", "near": "", "geo": "", "source": "", "user_rt_id": "", "user_rt": "", "retweet_id": "", "reply_to": [], "retweet_date": "", "translate": "", "trans_src": "", "trans_dest": ""}
{"id": 303774346948788224, "conversation_id": "303774346948788224", "created_at": "2013-02-19 02:53:42 EST", "date": "2013-02-19", "time": "02:53:42", "timezone": "-0400", "user_id": 518043939, "username": "gilwhitedale", "name": "Muscovy Beast", "place": "", "tweet": "#GOP essentially claims #KeystonePL will solve all our problems? Guess they've been watching too much #NapoleonDynamite #WildestDreams ;P", "language": "en", "mentions": [], "urls": [], "photos": [], "replies_count": 0, "retweets_count": 0, "likes_count": 0, "hashtags": ["gop", "keystonepl", "napoleondynamite", "wildestdreams"], "cashtags": [], "link": "https://twitter.com/GilWhitedale/status/303774346948788224", "retweet": false, "quote_url": "", "video": 0, "thumbnail": "", "near": "", "geo": "", "source": "", "user_rt_id": "", "user_rt": "", "retweet_id": "", "reply_to": [], "retweet_date": "", "translate": "", "trans_src": "", "trans_dest": ""}
{"id": 258424373046820866, "conversation_id": "258424373046820866", "created_at": "2012-10-17 00:29:06 EDT", "date": "2012-10-17", "time": "00:29:06", "timezone": "-0400", "user_id": 192034761, "username": "la_crystal", "name": "Crystal", "place": "", "tweet": "#GeorgePataki lies on #KeystonePL", "language": "en", "mentions": [], "urls": [], "photos": [], "replies_count": 0, "retweets_count": 0, "likes_count": 0, "hashtags": ["georgepataki", "keystonepl"], "cashtags": [], "link": "https://twitter.com/LA_Crystal/status/258424373046820866", "retweet": false, "quote_url": "", "video": 0, "thumbnail": "", "near": "", "geo": "", "source": "", "user_rt_id": "", "user_rt": "", "retweet_id": "", "reply_to": [], "retweet_date": "", "translate": "", "trans_src": "", "trans_dest": ""}
{"id": 182955268517277696, "conversation_id": "182955268517277696", "created_at": "2012-03-22 18:21:49 EDT", "date": "2012-03-22", "time": "18:21:49", "timezone": "-0400", "user_id": 268029547, "username": "govolx", "name": "3-7", "place": "", "tweet": "@cruz0210 Obama was here today talking electric cars #399gas #KEYSTONEPL", "language": "en", "mentions": [], "urls": [], "photos": [], "replies_count": 1, "retweets_count": 0, "likes_count": 0, "hashtags": ["399gas", "keystonepl"], "cashtags": [], "link": "https://twitter.com/govolx/status/182955268517277696", "retweet": false, "quote_url": "", "video": 0, "thumbnail": "", "near": "", "geo": "", "source": "", "user_rt_id": "", "user_rt": "", "retweet_id": "", "reply_to": [], "retweet_date": "", "translate": "", "trans_src": "", "trans_dest": ""}
{"id": 166938985707474945, "conversation_id": "166938985707474945", "created_at": "2012-02-07 12:38:50 EST", "date": "2012-02-07", "time": "12:38:50", "timezone": "-0400", "user_id": 14319081, "username": "timgiuliani", "name": "TimGiuliani", "place": {"type": "Point", "coordinates": [30.43866433, -84.29048535]}, "tweet": "Canadian Amb. To US says maybe it would be easier to approve a #KeystonePL that carries Crown Royal #sayfie #FLIntl", "language": "en", "mentions": [], "urls": [], "photos": [], "replies_count": 0, "retweets_count": 0, "likes_count": 0, "hashtags": ["keystonepl", "sayfie", "flintl"], "cashtags": [], "link": "https://twitter.com/TimGiuliani/status/166938985707474945", "retweet": false, "quote_url": "", "video": 0, "thumbnail": "", "near": "", "geo": "", "source": "", "user_rt_id": "", "user_rt": "", "retweet_id": "", "reply_to": [], "retweet_date": "", "translate": "", "trans_src": "", "trans_dest": ""}
{"id": 164453617150074881, "conversation_id": "164453617150074881", "created_at": "2012-01-31 16:02:52 EST", "date": "2012-01-31", "time": "16:02:52", "timezone": "-0400", "user_id": 24980717, "username": "nodogma13", "name": "NoDogma13", "place": "", "tweet": "The worst politicians $ can buy&gt;Big Oil gives $644k to 43 #GOP Sen. 2 circumvent BO & approve #KeystonePL.  http://t.co/eeyiMh31", "language": "en", "mentions": [], "urls": ["http://bit.ly/wMJQUD"], "photos": [], "replies_count": 0, "retweets_count": 0, "likes_count": 0, "hashtags": ["gop", "keystonepl"], "cashtags": [], "link": "https://twitter.com/NoDogma13/status/164453617150074881", "retweet": false, "quote_url": "", "video": 0, "thumbnail": "", "near": "", "geo": "", "source": "", "user_rt_id": "", "user_rt": "", "retweet_id": "", "reply_to": [], "retweet_date": "", "translate": "", "trans_src": "", "trans_dest": ""}
{"id": 162285073947828224, "conversation_id": "162285073947828224", "created_at": "2012-01-25 16:25:51 EST", "date": "2012-01-25", "time": "16:25:51", "timezone": "-0400", "user_id": 211286888, "username": "jwtripleplay", "name": "Jordan Woodruff", "place": "", "tweet": "Interesting! At #SOTU no mention of #KeystonePL #ObamaCare or #NatlDebt. Just mentions of future bc he can't get reelected on what he's done", "language": "en", "mentions": [], "urls": [], "photos": [], "replies_count": 0, "retweets_count": 0, "likes_count": 0, "hashtags": ["sotu", "keystonepl", "obamacare", "natldebt"], "cashtags": [], "link": "https://twitter.com/JWTriplePlay/status/162285073947828224", "retweet": false, "quote_url": "", "video": 0, "thumbnail": "", "near": "", "geo": "", "source": "", "user_rt_id": "", "user_rt": "", "retweet_id": "", "reply_to": [], "retweet_date": "", "translate": "", "trans_src": "", "trans_dest": ""}
{"id": 159855455051587584, "conversation_id": "159855455051587584", "created_at": "2012-01-18 23:31:25 EST", "date": "2012-01-18", "time": "23:31:25", "timezone": "-0400", "user_id": 407357774, "username": "monroeg5", "name": "✨Athena44✨", "place": "", "tweet": "@Johnboehner Did you think we won't know of your Investments w/the #KeystonePL??.....We were born at Night, NOT Last Night... #GOPFail #KXL", "language": "en", "mentions": [], "urls": [], "photos": [], "replies_count": 0, "retweets_count": 0, "likes_count": 0, "hashtags": ["keystonepl", "gopfail", "kxl"], "cashtags": [], "link": "https://twitter.com/MonroeG5/status/159855455051587584", "retweet": false, "quote_url": "", "video": 0, "thumbnail": "", "near": "", "geo": "", "source": "", "user_rt_id": "", "user_rt": "", "retweet_id": "", "reply_to": [], "retweet_date": "", "translate": "", "trans_src": "", "trans_dest": ""}
{"id": 159759619168813056, "conversation_id": "159759619168813056", "created_at": "2012-01-18 17:10:36 EST", "date": "2012-01-18", "time": "17:10:36", "timezone": "-0400", "user_id": 26519763, "username": "cosmosconblog", "name": "cosmoscon", "place": "", "tweet": "Just heard @newtgingrich  compare obama's handling of #keystonepl to someone who doesn't understand how to play tic-tac-toe.  He's right.", "language": "en", "mentions": [{"screen_name": "newtgingrich", "name": "newt gingrich", "id": "20713061"}], "urls": [], "photos": [], "replies_count": 0, "retweets_count": 0, "likes_count": 0, "hashtags": ["keystonepl"], "cashtags": [], "link": "https://twitter.com/CosmosconBlog/status/159759619168813056", "retweet": false, "quote_url": "", "video": 0, "thumbnail": "", "near": "", "geo": "", "source": "", "user_rt_id": "", "user_rt": "", "retweet_id": "", "reply_to": [], "retweet_date": "", "translate": "", "trans_src": "", "trans_dest": ""}
{"id": 159746111194673152, "conversation_id": "159745291858362368", "created_at": "2012-01-18 16:16:55 EST", "date": "2012-01-18", "time": "16:16:55", "timezone": "-0400", "user_id": 22873947, "username": "southerntalker", "name": "TES", "place": "", "tweet": "@dufus Exactly--- so dangerous in so many ways. #KeystonePL - It would kill in the long run, many more ppl than # of  jobs it would create", "language": "en", "mentions": [], "urls": [], "photos": [], "replies_count": 0, "retweets_count": 0, "likes_count": 0, "hashtags": ["keystonepl"], "cashtags": [], "link": "https://twitter.com/southerntalker/status/159746111194673152", "retweet": false, "quote_url": "", "video": 0, "thumbnail": "", "near": "", "geo": "", "source": "", "user_rt_id": "", "user_rt": "", "retweet_id": "", "reply_to": [], "retweet_date": "", "translate": "", "trans_src": "", "trans_dest": ""}
{"id": 159745303031988224, "conversation_id": "159745303031988224", "created_at": "2012-01-18 16:13:42 EST", "date": "2012-01-18", "time": "16:13:42", "timezone": "-0400", "user_id": 22873947, "username": "southerntalker", "name": "TES", "place": "", "tweet": "Swift Boat T Boone came out swinging on twitter- Has not landed a punch yet. He damn well knows how dangerous that Pipeline is- #KeystonePL", "language": "en", "mentions": [], "urls": [], "photos": [], "replies_count": 1, "retweets_count": 4, "likes_count": 0, "hashtags": ["keystonepl"], "cashtags": [], "link": "https://twitter.com/southerntalker/status/159745303031988224", "retweet": false, "quote_url": "", "video": 0, "thumbnail": "", "near": "", "geo": "", "source": "", "user_rt_id": "", "user_rt": "", "retweet_id": "", "reply_to": [], "retweet_date": "", "translate": "", "trans_src": "", "trans_dest": ""}
{"id": 148119245581062144, "conversation_id": "148059263279955968", "created_at": "2011-12-17 14:15:54 EST", "date": "2011-12-17", "time": "14:15:54", "timezone": "-0400", "user_id": 17124306, "username": "freckles91", "name": "KED", "place": "", "tweet": "@WestWingReport no way is a $500,000,000 bond large enough for the potential damage #keystonePL", "language": "en", "mentions": [], "urls": [], "photos": [], "replies_count": 0, "retweets_count": 0, "likes_count": 0, "hashtags": ["keystonepl"], "cashtags": [], "link": "https://twitter.com/freckles91/status/148119245581062144", "retweet": false, "quote_url": "", "video": 0, "thumbnail": "", "near": "", "geo": "", "source": "", "user_rt_id": "", "user_rt": "", "retweet_id": "", "reply_to": [], "retweet_date": "", "translate": "", "trans_src": "", "trans_dest": ""}
{"id": 146955818200350720, "conversation_id": "146955818200350720", "created_at": "2011-12-14 09:12:52 EST", "date": "2011-12-14", "time": "09:12:52", "timezone": "-0400", "user_id": 25582220, "username": "bmunlin", "name": "Brent Munlin", "place": "", "tweet": "@clairemc 20,000 new jobs is not 'playing games'. @msnbc #KeystonePL", "language": "en", "mentions": [{"screen_name": "msnbc", "name": "msnbc", "id": "2836421"}], "urls": [], "photos": [], "replies_count": 0, "retweets_count": 0, "likes_count": 0, "hashtags": ["keystonepl"], "cashtags": [], "link": "https://twitter.com/Bmunlin/status/146955818200350720", "retweet": false, "quote_url": "", "video": 0, "thumbnail": "", "near": "", "geo": "", "source": "", "user_rt_id": "", "user_rt": "", "retweet_id": "", "reply_to": [], "retweet_date": "", "translate": "", "trans_src": "", "trans_dest": ""}
{"id": 118515982976303104, "conversation_id": "118515982976303104", "created_at": "2011-09-26 22:43:06 EDT", "date": "2011-09-26", "time": "22:43:06", "timezone": "-0400", "user_id": 21718940, "username": "colleentatum", "name": "colleen tatum", "place": {"type": "Point", "coordinates": [56.69978466, -111.35714771]}, "tweet": "#ymm #keystonepl I don't get it if so many don't want it why not keep the jobs in Canada and pipe east?", "language": "en", "mentions": [], "urls": [], "photos": [], "replies_count": 0, "retweets_count": 0, "likes_count": 0, "hashtags": ["ymm", "keystonepl"], "cashtags": [], "link": "https://twitter.com/colleentatum/status/118515982976303104", "retweet": false, "quote_url": "", "video": 0, "thumbnail": "", "near": "", "geo": "", "source": "", "user_rt_id": "", "user_rt": "", "retweet_id": "", "reply_to": [], "retweet_date": "", "translate": "", "trans_src": "", "trans_dest": ""}
{"id": 108915181010173952, "conversation_id": "108915181010173952", "created_at": "2011-08-31 10:52:57 EDT", "date": "2011-08-31", "time": "10:52:57", "timezone": "-0400", "user_id": 34448667, "username": "mxcoffroad", "name": "MXCAutomotiveService", "place": "", "tweet": "@premierstelmach where is #ABleg lobbyist teaching truth about #oilsands? this #keystonepl protest is promoting lies we need to stop #YMM", "language": "en", "mentions": [], "urls": [], "photos": [], "replies_count": 0, "retweets_count": 0, "likes_count": 0, "hashtags": ["ableg", "oilsands", "keystonepl", "ymm"], "cashtags": [], "link": "https://twitter.com/MXCOFFROAD/status/108915181010173952", "retweet": false, "quote_url": "", "video": 0, "thumbnail": "", "near": "", "geo": "", "source": "", "user_rt_id": "", "user_rt": "", "retweet_id": "", "reply_to": [], "retweet_date": "", "translate": "", "trans_src": "", "trans_dest": ""}
{"id": 106018142639230976, "conversation_id": "106018142639230976", "created_at": "2011-08-23 11:01:09 EDT", "date": "2011-08-23", "time": "11:01:09", "timezone": "-0400", "user_id": 21718940, "username": "colleentatum", "name": "colleen tatum", "place": "", "tweet": "#ymm anyone else notice it's all washed up celebs protesting the #keystonepl ? all the real stars have better things to do #YMM  #oilsands", "language": "en", "mentions": [], "urls": [], "photos": [], "replies_count": 0, "retweets_count": 0, "likes_count": 0, "hashtags": ["ymm", "keystonepl", "ymm", "oilsands"], "cashtags": [], "link": "https://twitter.com/colleentatum/status/106018142639230976", "retweet": false, "quote_url": "", "video": 0, "thumbnail": "", "near": "", "geo": "", "source": "", "user_rt_id": "", "user_rt": "", "retweet_id": "", "reply_to": [], "retweet_date": "", "translate": "", "trans_src": "", "trans_dest": ""}
{"id": 105648152211759104, "conversation_id": "105634839478276096", "created_at": "2011-08-22 10:30:56 EDT", "date": "2011-08-22", "time": "10:30:56", "timezone": "-0400", "user_id": 21718940, "username": "colleentatum", "name": "colleen tatum", "place": "", "tweet": "@myoilsands @mymcmurray wish we could have all went down and protested the protesters who need to give thier head a shake #YMM #keystonepl", "language": "en", "mentions": [{"screen_name": "mymcmurray", "name": "mymcmurray", "id": "117259494"}], "urls": [], "photos": [], "replies_count": 0, "retweets_count": 0, "likes_count": 0, "hashtags": ["ymm", "keystonepl"], "cashtags": [], "link": "https://twitter.com/colleentatum/status/105648152211759104", "retweet": false, "quote_url": "", "video": 0, "thumbnail": "", "near": "", "geo": "", "source": "", "user_rt_id": "", "user_rt": "", "retweet_id": "", "reply_to": [], "retweet_date": "", "translate": "", "trans_src": "", "trans_dest": ""}
